Keyword,Target Page,Search Intent,Language,Target Country/Region,Monthly Volume Potential,Keyword Difficulty
hire freelance web developer India,/,Transactional,English,India,High,Medium
full stack developer Theni Tamil Nadu,/,Local/Transactional,English,India / Tamil Nadu,Medium,Low
custom business website development,/services/website-development/,Commercial,English,Global (US/UK/IN),High,Medium
ecommerce website developer for grocery store,/services/ecommerce-development/,Transactional,English,Global (IN/US/UK/UAE),Medium,Medium
B2B ordering app for distributors,/services/b2b-order-management-apps/,Transactional,English,Global (US/UK/UAE/IN),Medium,Low
custom Android app and PWA developer,/services/android-apps-and-pwa/,Commercial,English,Global,High,Medium
custom ERP billing inventory software development,/services/custom-software-development/,Transactional,English,Global (IN/UAE/US),High,High
high converting landing page UI UX designer,/services/ui-ux-and-landing-pages/,Commercial,English,Global (US/UK/AU),High,Medium
technical SEO and Google Ads expert for businesses,/services/seo-and-digital-ads/,Transactional,English,Global,High,High
chemical manufacturer export website case study,/work/kalasam-jaikrishna-industries/,Informational/Commercial,English,Global / India,Low,Low
distributor order portal Android app case study,/work/jki-orders-b2b-platform/,Informational/Commercial,English,Global,Low,Low
online supermarket grocery store development case study,/work/aparna-stores-ecommerce/,Informational/Commercial,English,Global,Low,Low
how much does a business website cost in 2026,/blog/how-much-does-a-business-website-cost-in-2026/,Informational,English,Global (US/UK/IN/UAE),High,Medium
how to build a B2B ordering app for distributors,/blog/how-to-build-a-b2b-ordering-app-for-distributors/,Informational,English,Global,Medium,Low
ecommerce for local supermarkets bulk pricing,/blog/ecommerce-for-local-supermarkets-catalogue-bulk-pricing/,Informational,English,Global,Medium,Low
PWA vs native Android app small business comparison,/blog/pwa-vs-native-android-app-what-small-businesses-should-choose/,Informational,English,Global,High,Medium
technical SEO checklist for new business websites,/blog/technical-seo-checklist-for-new-business-websites/,Informational,English,Global,High,High
export business website checklist for international buyers,/blog/export-business-website-checklist-how-manufacturers-win-international-buyers/,Informational,English,Global / India,Medium,Low
website developer for small business USA,/markets/websites-for-businesses-in-usa/,Commercial/Transactional,English,United States,High,High
freelance web developer UK affordable,/markets/websites-for-businesses-in-uk/,Commercial/Transactional,English,United Kingdom,High,Medium
web development company UAE Dubai,/markets/websites-for-businesses-in-uae/,Commercial/Transactional,English,United Arab Emirates,High,Medium
freelance website developer Australia,/markets/websites-for-businesses-in-australia/,Commercial/Transactional,English,Australia,Medium,Medium
custom web application developer Canada,/markets/websites-for-businesses-in-canada/,Commercial/Transactional,English,Canada,Medium,Medium
web development services Singapore SMEs,/markets/websites-for-businesses-in-singapore/,Commercial/Transactional,English,Singapore / Malaysia,Medium,Medium
webseite erstellen lassen freelancer Deutschland,/markets/websites-for-businesses-in-germany/,Commercial/Transactional,German,Germany / Austria / Switzerland,High,High
वेबसाइट डेवलपर फ्रीलांसर भारत,/hi/,Transactional,Hindi,India,High,Low
வலைத்தள உருவாக்குநர் தமிழ்நாடு,/ta/,Transactional,Tamil,India / Singapore / Malaysia,Medium,Low
مطور مواقع وتطبيقات للشركات,/ar/,Transactional,Arabic,UAE / Saudi Arabia / MENA,High,Medium
desarrollador web freelance para empresas,/es/,Transactional,Spanish,Spain / Latin America / US Hispanic,High,Medium
développeur web freelance pour entreprises,/fr/,Transactional,French,France / Canada / Belgium,High,Medium
desenvolvedor de sites e aplicativos para empresas,/pt-br/,Transactional,Portuguese,Brazil / Portugal,High,Medium
jasa pembuatan website dan aplikasi bisnis,/id/,Transactional,Indonesian,Indonesia,High,Medium
pembangun laman web dan aplikasi perniagaan,/ms/,Transactional,Malay,Malaysia,Medium,Low
ビジネス向けウェブサイト・アプリ開発フリーランス,/ja/,Transactional,Japanese,Japan,Medium,Medium
